Year,Month,AvgOrderValue
2010,12,409.08135000000027
2011,1,576.9453292806471
2011,2,448.0334168336671
2011,3,450.7954277062833
2011,4,408.3554055700612
2011,5,436.39521543408273
2011,6,474.66883704235494
2011,7,450.85725845229234
2011,8,503.7813427010152
2011,9,542.6186685649209
2011,10,538.7863089683769
2011,11,437.10209932279906
2011,12,666.0575706940874
