Year,Month,TotalRevenue
2010,12,572713.8900000221
2011,1,569445.0400000144
2011,2,447137.3500000145
2011,3,595500.7600000211
2011,4,469200.3610000112
2011,5,678594.5600000048
2011,6,661213.6900000221
2011,7,600091.01100001
2011,8,645343.900000014
2011,9,952838.3819999959
2011,10,1039318.7900000024
2011,11,1161817.3799999775
2011,12,518192.79000000004
