CustomerID,TotalRevenue
14646,280206.01999999984
18102,259657.30000000005
17450,194550.79000000007
16446,168472.5
14911,143825.05999999944
12415,124914.52999999975
14156,117379.6299999998
17511,91062.37999999996
16029,81024.84000000001
12346,77183.6
